id,nombre,apellido,email,stock
uub1xglku,npt,hch,npt.hch@gmail.com,10
l3pyj0mw8r7j084vbzn,yax,zid,yax.zid@gmail.com,10
gc3mnadexcc132jtwjr02t,acd,wjh,acd.wjh@gmail.com,10
e,hhb,xss,hhb.xss@gmail.com,10
xjjldcpj7btw88h99im4b6aje,fui,sye,fui.sye@gmail.com,10
09zm7spscq,mct,opt,mct.opt@gmail.com,10
tdfecl2cemeqkkp,osa,hvh,osa.hvh@gmail.com,10
7,joi,ahp,joi.ahp@gmail.com,10
u9ku0b11donor,ulr,myj,ulr.myj@gmail.com,10
0g2mt9u6j8f3tvjzjglsyv4,fuf,oqi,fuf.oqi@gmail.com,10
panxtx3y4p7gz8o6,tfr,rbz,tfr.rbz@gmail.com,10
ir48,zcy,ifo,zcy.ifo@gmail.com,10
hte3ti3n2ld0pf4d8q42,bxa,oht,bxa.oht@gmail.com,10
7zyi174013dsr,tpq,xfk,tpq.xfk@gmail.com,10
19tnsbfjah,zqh,wyz,zqh.wyz@gmail.com,10
l28j3lwqhknc38orcpugwfw,nbx,usb,nbx.usb@gmail.com,10
qxieadldzy5,ttu,wei,ttu.wei@gmail.com,10
xwrh5l,ckk,umd,ckk.umd@gmail.com,10
wrh6t884god6st0l8lv,jfw,aif,jfw.aif@gmail.com,10
iauwby5fxwis4rii44uttvdu,zvd,lrc,zvd.lrc@gmail.com,10
dg13jjuav4,ley,gur,ley.gur@gmail.com,10
